source	source_sha256	converted	converted_sha256	ARGB_sha256
Images/CARE.gif	b8484519dae2da46480792ab5888d8dfbc6c2413b5bb66468cad070aada86cee	Images/CARE.gif.png	5f50e8bc2762b52a525fd884b6da30fe622e146e9c694a1db5e05198edcf0a28	adf875078de739b57e8bd2e13fdf33c717f5b8808dab3eac983889660878101e
Images/PROTECT.gif	73ae922c5d195b2f800ee368065f6ab82bc9d10d62b6ea3ab3727409a8f769b9	Images/PROTECT.gif.png	1eb86ebc430dd4f501003053666609a0d3330aa89c53f5e720813620c6425bb1	336d80a1c679e4738364986be5c3584bfaf99a215b4cbe0bd5798a148ead97ad
Images/alexx01.jpg	54b95ab36e693493913064980b8aa9d889bc24e7b489bba96c59ea375665e711	Images/alexx01.jpg.png	1831a4eef3031654a5ac43abb8b3d336cba8f753722ffc042d8958aa86514ce2	08c8b69061e9ccd314a4330a680b68633acc324c23f279c4c861e768e73e8467
Images/alexx02.jpg	0e26f6872a7c020ec5defbd32848e144064921bd1284421522760da82e83b01a	Images/alexx02.jpg.png	af0a4794cabf6f1f4a5d737b8231f90333318b4efca0c36b217cb4b246a2c31e	cbf61a217ec5f2e1389e565e4955e5687e2c889f3df70582078f62c351b2cdea
Images/alexx03.jpg	52c766b4d9ead1d4ddd2e56ede37b090db42d5139c4cccf999256381ee6c84a9	Images/alexx03.jpg.png	f63ce2303ce9053095b82b8b20312bafecb9ddc2b818276b59f57fe044d5b709	e6a4de7fe5b096f1dbf07e88e1428017730335dfbdaeaf4851c1e67a4765430f
Images/alexx04.jpg	27066416f457a76763a092d4da97bdc5fcaecbfeaa58ad3716d48849e198dd48	Images/alexx04.jpg.png	9ecba5b99cb441880816588d4772b01fabbace2699396927fb47fe71505067c5	ef89e9ebb76e8c7e6f4ae3e96bd6c2d6fb64046f73bfd1bb601955d430b73174
Images/alexx05.jpg	d0101e278a9e1f73e4a2f145fcd4ad9a193a7facf890668de334523ab940e6db	Images/alexx05.jpg.png	2444f39bbe12c30c70ff52d0c20daa481c1f6ca93565ae7cbce017304a61c7fe	73ced0e0668029e1df78052d5372db4d4fa5daf02a5e5042e45a67f67c5e2c0f
Images/badge2.gif	7979e03cdbf9ed2b3c3a17a2aba613f54e8613cd5d2a1ed443bba87d057c5713	Images/badge2.gif.png	869575667ef3517156d87f894eb3d049ebea1b5c8ebe0d8efb347e224b4835ba	b7d96ff0329a3def160a1eef068f2b399491332678b719ba6622027149d12ac7
Images/badge2blanc.gif	b4f9cfae33c1dfd0cd00d9e3369f8f8f46834d94b2099dcdb52c2bc1a5dcbad7	Images/badge2blanc.gif.png	0749ac43bfb93430f6f5385357a5e05163cdb018d0e413875005988f3353f15d	9d7f7141ec5014d08896e76f0f037946c2ac852f44415fd4d9d91ef8a79f9826
Images/buldrk1.gif	c76ba785d45d4c596135f29a0de45650a7575e20c6feed94bd04e0565123feb8	Images/buldrk1.gif.png	3fd9c4e38d98a4bbcbbd173468ec8c4ddee3c345ad0a2bb5dab41a0b519c5832	fecf688d4db796a9007f950afbd34f0504fad9fef54df9cfe25922cd483b05fa
Images/buldrk2.gif	3fb25adb49d72ba21e42b3280e861d973c728817d07887c6894f0684aa8b99da	Images/buldrk2.gif.png	81e2ba66c8040856a938b24ee85e482af240a5f32ac9eeb7ffbbe635e5f43a6b	0de072a665eedbc9ca8d660f0dd225afadde7510dbf4a3d60163c14c113b5111
Images/buldrk3.gif	f2310b0e4672fc40c448edbe104bedf353b65e43b18bc0bbae939865a213ecbf	Images/buldrk3.gif.png	39060f9542c642acafe8459ab9f0c3c25499c5ea4d8a0731fd762324f851ab27	39e2ef6c0681bd54335ca551f598e9e65debcd7d379176c3febca5eb54f8b128
Images/bulras1.gif	7aa59d6f848a1d2b3db9e29ab89f2a7d9226e69df462188541c8f833bdc3a634	Images/bulras1.gif.png	62e91315f19af021f3b7803cc3637647b05a1e8d4c4648fad067e2fb45ac927e	ebcc92b91d802b2274dd24cb03e0632e3df1a12a456d9ab03f97b783851fffb5
Images/bulras2.gif	26eac740c8a7b38158ef042ec2651ff4ba3d47b6b7952cd32789ebecf487e2ec	Images/bulras2.gif.png	01156af7de468bcb0ddecf92999beffd583aa7f2f63148b3b034a80ec47792ac	079cbc95700db24dffb56941056505e6fd656be161eb852e931174e9c2d03685
Images/bulras3.gif	79beca4a22aecea6408011ad0e4e621f0ca2291d9bf26eae53b8870c9d5bc319	Images/bulras3.gif.png	e99315a2d5488ee1f409e28bb53ad8e5c9cf02cb6c7794c9a33b36438f2607b5	0becaf7693ab746b264501ab004a5b1f298b980017507344e9281f66b2ceedad
Images/dark.jpg	f0789f3587622eba3e7511dc9912639c538606b96ab0c41277968137a05c5c5e	Images/dark.jpg.png	b40120260893441682168a86440018555b4b4f8faba164c649f0498eeb51ad9d	330cc4a7838636e4d82b1c007a140e8a7e227c48029366f8f3bba9196995abf9
Images/derick.gif	f671a168cd0280d8ddd1b6f5d0e9ae60620d6808244552f545190ee8f9ddb96e	Images/derick.gif.png	d1be2c39e546883ede7885d101accf8dfddab05c93e77d8693f0994e244d6421	81e453e246f53e0ff64c72b9f2d9bc55cfe6335ec936ba37de71affffdef0d7b
Images/fin.gif	649e575643d8a494079d603a7f52f7b21cda68dcfad50badc8fb0bace5be1442	Images/fin.gif.png	504538ed40a5f85407843ed2685d9b23e468564b1da30ec77235b301842fd839	121c7337781df5a1d3fc18f0b2d92e3047506cfa4d2e2bcdd7db0afe1c5c184b
Images/flare1.jpg	0a9b22b150020869b899d377b72971aac6b23ebea8dd4a6a2dc94bc04c7898c3	Images/flare1.jpg.png	702e4bd4b8d699b48e4c3cfd69f6a9e90b70a0f3ed00f3e51633d8ca36767d48	fd64c376d36f9c2f2266613d18e842e1fdf930d16b6c2343d4ed737eb7b276cf
Images/flare3.jpg	0cba91e00831177ea2477e357b35123e17bbe83f762b9cc41ac38d2625b5920f	Images/flare3.jpg.png	ebbb9ff725e31ee965a0184624006a61ece6c1482cf923d0c3f7a06f4707b0e0	7b6df038767039aa4bd73c42b60d851890b465eef8074ac929d29c5da3ac7902
Images/html_bord_bas.jpg	b6534d2b971b1d7003bc455a04069e94577bd533ee1b5462eae50711433a9f3b	Images/html_bord_bas.jpg.png	3747a223cbce035ac4770ca9e4ba324e36165f8be0340e45f99d9bc84e04f647	e7332c727e4adc32d125c817b9b9f8259d5a6eccab6b3b34c90a53fea110bea8
Images/html_bord_droit.jpg	879c161191ffd86efcdff6466f3826cfbcd9c0ae12a318b4fa5bf495913c8a6c	Images/html_bord_droit.jpg.png	f4f74dc58a8a992620304ece387bf3a5a2e45b4e2854753e3b864b5073ebd43e	bac6fda64f02da7b3e9df056a843b2356f62f076281122307fd63433586326e9
Images/html_bord_gauche.jpg	c91f6541935d60c4e2005f449354540f3a431c7670cd682e8294a95f9b2fc40d	Images/html_bord_gauche.jpg.png	4528b490f119536bb8810e392c8ffc39baf34cfdcc6763dd38ce10e48ed4405f	1dae4484a910f135290f6606f11e31b415d91c3f11f3aa6025457cffc0fddec3
Images/html_bord_haut.jpg	dce473d30d5cc36a8834b75986a8fc4750ed7ea4fde81be89632e6571555e0af	Images/html_bord_haut.jpg.png	c0ac1bd7ab08999d9d082f24ddbc837992b0172b5ca616ae69eb69d67c54f842	c044ab507e235a626bfb84d49c592ebad35617cd5e8a8d2f45f982c142726416
Images/html_close.gif	2b64e6394b85b90c044b86b20ab5ce2b55ccecf931407de792abf3fc9a42b200	Images/html_close.gif.png	dfecc27374290f334be87c185428e7e68f8a7cd66bc0be9946ac4923d8b4c36e	e4413cec723ffc2cee9e5babb7b6693fad1172e6a79e8b66447842793ee1ae48
Images/miniflare.jpg	126c770b0550711fadba07da5528af61338d2006e99420c96f8d8b546ab59b67	Images/miniflare.jpg.png	74a8a26b0bf294e7bbed5e3b04a7810d8e7ed70008e9efd2c3407aafdd9e6e0d	469eaff33998105ac150fa3d606f3074dd52c183a75fd9a5b958070821d1fd5c
Images/raster1.gif	97c03567fca2983fa3ce35d092f607bdd627a1bac6a4bef4b80628c9f4d97aa9	Images/raster1.gif.png	4a7729a846d1f6199b035555516faf1570f9b5789d20cdb3582efda4d6da7592	00dfc27837b6caaa880c9e41d96a7aaef8c146b4eb9787643dd4dd9cd6c42507
Images/raster2.gif	0de69f9304c8137e7a9f45e8d9cd1fede0a5b3ab161fbf43e6b2c6bab9212d47	Images/raster2.gif.png	0c7e6c2a8ac15a78825580435cfd1ede4e0c093a32ce1f7741daf64e44681868	7137105c4140eaecb957ccce4a3b334ab921552f1f59f38b30dbc8b687df877c
Images/raster3.gif	87a12d45ccce8c5f4f9ee1e1234f7ca3d526f61dd3edc91163fde884feb8379a	Images/raster3.gif.png	e5651f8b468beffff4ce4dc08a4005f093441399e908f8bbc1770c3f5d29ec3f	4c107dba92af4e5181804df2bd756360eb2feac07f46196c375e04845dda1d0e
Images/space.jpg	4c57d3e273a24e7ca0f4bf3cf5431c78143400349c70e43c9fbd7972966ce67f	Images/space.jpg.png	93ca98006e7ea493ec3c6cd067c205ccf78112a712c6f65966fa2dc00f4c2a8d	ec21961ffc3a5386e84fc03b5434c99d94eae05d286f787115c01904e9e980ff
Images/speedy.jpg	3e490953ea067d022518b102da10ddc81d2a9a15098315fa9ad3d1398af16a4d	Images/speedy.jpg.png	e09c3d463db102e5c329fb79c05af0f5793d917e7b855929b7d908ae23903147	3b1d4c275e66525fe7f5ad4305e1943784790089c55bc8d8b064f334c168fbd0
Images/star1.gif	2c709c497f30e96e6317fb123be7ee0f22427e5fbcc3dec88d0539bac8591d21	Images/star1.gif.png	b8b86626adf74bec21d30bc43263f423bd8b17798489b6a00858cd5d88cc3fd6	24a62439245459d5f5977859a70e5f9171de9a9c1d65012bed595a7e17b8ba46
Images/tero1b.gif	3a41cefe778541694c24666971182735c0b181c84018abbd2e12cb0fba92da0e	Images/tero1b.gif.png	c11baa5574fff89a57904ccda62a82e3f69386f335655cc0b740ca0508a7589d	014abf227c06ee3a59f278aaf3e713457c307c56c0eafa96508506f7e6954d85
Images/tero1d.gif	f65e2ac2eb2f48389192b08c89957a7d673b192c430387b3794d6b37a2a613f5	Images/tero1d.gif.png	967ea60ab7ec115472a398df32c00646f3689c26c5ec82115933f62b52a2455d	98618599d76777226f7f7df309bf8da39925b4031fd7eb84d70d8da2c56aeb70
Images/tero1d2.gif	0a15dc3b589f9abe308a9b2bd5bb9131700cf3faf32a5a88c4c8cabf63912a6a	Images/tero1d2.gif.png	85d6bab277277d0a5e285128fdd92781cc00e89524c8136233b77fdd7c1b6a3d	559fa8a3f6e60c654e39d17593c70c3e2bc503734ac9832684395e96585791c1
Images/tero4-b.gif	bcab24702d974e6e01bb7adfbbaa6aafefd7442021db473047ceabecc27351d5	Images/tero4-b.gif.png	ab8a2a97dcb7e591b9206f95e5cac5e932f1b019c7a0aa65bb869f075ca51ba8	bf976cee0b1d773f4cc23f6ef69a397f9a4779e11e2c79331640bdfc78756673
Images/tero4.gif	23e26165d3d5fb1062eefa8a73c1142b1e440ab93ec495a0944f38357ddfd478	Images/tero4.gif.png	637e4c55d58db85d76f322fdb13940b891929ffc825b41e184e4593890dacf0a	0477bad3f53f0d0ea7ed197a9d0f778661d332d14e5da4abbc30b78fb73afd22
Images/tero5.gif	169f1f74e6e78c5fa7b3e42a62f34db6763037a2c597415aa170fc9465f65bf9	Images/tero5.gif.png	fc60e06460955e499ea012cd773f681d804c119d40620df609160e48372953b7	83904744d117948d28e29ff807249afc54450a30edcdb12fa34b70c472a5746a
Images/tero5b.gif	569958ab623f4d566e2fa46d6a4d51f9b8c5abdc6bb69bf7bd4e9bd33eab4262	Images/tero5b.gif.png	a8cebfecea17b5f71adecc001575f889453c95f4a895e0c33409d2cbd60d51c2	b2242ec68edc54607019f4d6d1da5dfa30345f544150bb8d6f9f3d396a812044
Images/tf2.gif	62f67c7c49d26000673d7cc54c0b24bb56ddc2d04e203aa06a366800da6c9c78	Images/tf2.gif.png	350b768c7c8a82a7a1d083c46c02b8028375e2e1f78085b6a3915e9c07960c0a	fa815a644363471872d446652c9b53b5ca3107d841c391b17d66bafdec69db8d
Images/titre.gif	690a143f902dc495f334193c2dbfb32d726fcb50b17e9770d8a01bfb4d0269ad	Images/titre.gif.png	77ee231fdd738353d48f3699c3025132c18eff4cfa34083432de0138b7e8ab3e	8b4ac8699040932701ba8d367b6712d8d6beb6e105504a950829897c6ba6de2d
Images/titreBL.gif	d043b51d7db39b5ef9c3e6d9cfd86651401206ff908b985309e18aa5f20a7da3	Images/titreBL.gif.png	72a0fed8594528ee240c9d802700cd9cc77ceac26ba012440c5750d8fb978a93	96a4873712cabfe3d60234669f983402864050b810fa503957c66257216d8766
Images/vanloc.gif	7c2823645f1266ff6dcc627d72e137f23c32fe6ca3f58bbf3dcb867fa5315913	Images/vanloc.gif.png	a967a282a3935abbf8473e6811639e977d7a60f774073edbbd2fcab0f9fd3051	89db2c1215a4d79bc60cb77ee393f88566d6cc9c14022994385db1dba64c7736
Images/vectorball.gif	fb030d1512b1f0dfbcb67cf8d25fcf116d2a913c8e45ff0c4925c39ceb683c65	Images/vectorball.gif.png	4c620c1a28e557e6588e7a35910042f7f668240843c3b1a38f515be70da15a12	22bd2e51ffeef95e9eacafe91466b6bd3585f2b416333b89a23a5d18a86ba22d
Images/viseur.gif	ffb44d494fa2d5167d56601f40fb860879cf3dfd2796c1edba66f527c13685b4	Images/viseur.gif.png	d7bc992d4b9a6b73692630ab7b5a371f909bcaf7a5c4464cf68a9fe68cd1f58a	4e8b91a2216864e7c1b33aad1a3ba4f9c0494a0fd293bed016d69b765e30c471
Images/viseur2.gif	03a4bbd48d7cb51b57032c48b52c3149f87db9bd425593e761c46531ba382a91	Images/viseur2.gif.png	71a8c155ce7cd628c87fa77b66463e126a68c9b310959c3360acef12b9303174	55b052425e548ae88deb0b89706b0cca27b17e32a6d4f0e95d2eee9c9e2efd41
Images/voitface.gif	e6139260896465773cad82b368fc3d7ba88d7ee2a361b01f5889c617d55cef8a	Images/voitface.gif.png	cf5e46015abc27dc67ab3b577c0bf772091efc65db8191b220aaa95d40c00a70	ce42cb85689d3f664446b2cc7f745cca7b67a1afcab7a8b310c70e3dd03f8a24
Images/voithaut.gif	e26707703fa5394d204ba4e8089605f4e887a4af3def2186f72ed307e5516b34	Images/voithaut.gif.png	bc18153ef3328e65ee6e75c7a3b55c552746bc5568058707959c8e96093f5882	0d89d28e0659d4d17b3d2203e95d17f0b7d6ee397c97ffa659ae2c8fab1048ae
Images/voitmechan.gif	c4c176fae3aca2f788753a30261b6efd70a491540d27542b73ce08a8d645b31d	Images/voitmechan.gif.png	02387c31a969bed76d6c0dfa6b427024dc23309f6288bb08f1be70f997c84a33	2a17fba318b2ea58b1477219c3bc452730c8330ddea2fe24ab5b4647cbda492f
Images/voitroue.gif	cde56c4029bb06de945855804c3c2ac3ebd706f34f7597deefdd794bffdb94f9	Images/voitroue.gif.png	735a639ef7f69facef1bafd1a4733863d370d96a994ae33263f5cefdafae6381	a7157c0cd8f5c78ffd5d22130d06a832fd428cdc0f6410b496f6391e412bbebd
Images/votder.gif	318685e5c00e04979712f50286f8ff7caa41e914dcd6257e973d3b473fb9d1a0	Images/votder.gif.png	fea21b7f3116cdcb57e4cd395243e5a8047c28419e49ad376b4163fd8c854cf5	0a0c7992b03a165680e868cc01c118cdc026caaf53c8df06d0a4bc57ffff7495
Images/white.jpg	2fa5cfea0dbf5d5e453ba73363d93f8a097b7f60e49c4451e215cb433f7c8462	Images/white.jpg.png	9a9bea92de9e3a7ed9f9b4446cb3aa28588e96a2ce242ed3f3ee200c2f6b7704	04fd6cf91ec3e76b07792563abe65111eeaa7bc62f8d6cca47b475dd294231fa
Images/zaaclog.gif	0be3ee61a385310ffbe4b387f82e9d97f58aacccde9ea9e56fb459eee9b4de73	Images/zaaclog.gif.png	26ed4347de8e625c4b9a6d9791eafa793bb23495c518043a6ba582337e1992e4	6d8584c03c43dbf874d16e101117dd263cb1e0f27ed256e666dd30334f0aaa6b
